"","Mean","CV"
"K",200000,0.832554611157698
"Psi",1,0.25
"r",0.42,0.383031945716667
